<?xml version="1.0" encoding="UTF-8"?>
<web-fragment xmlns="http://java.sun.com/xml/ns/javaee"
    xmlns:xsi="http://www.w3.org/2001/XMLSchema-instance"
    xsi:schemaLocation="http://java.sun.com/xml/ns/javaee
    http://java.sun.com/xml/ns/javaee/web-fragment_3_0.xsd"
    version="3.0">

    <distributable/>
    <error-page>
        <error-code>404</error-code>
        <location>/404.jsp</location>
    </error-page>
    <error-page>
        <location>/general-errorpage.jsp</location>
    </error-page>

</web-fragment>
